target_keyword,canonical_url,workflow,business_context,deliverable,review_measure
AI business call briefs for marketing agencies,https://www.7minutephonecallbook.com/workflows/ai-call-briefs/marketing-agencies/,ai-call-briefs,marketing-agencies,a one-page call brief with a clear objective,calls prepared around a confirmed unresolved decision
AI business call briefs for consulting firms,https://www.7minutephonecallbook.com/workflows/ai-call-briefs/consulting-firms/,ai-call-briefs,consulting-firms,a one-page call brief with a clear objective,calls prepared around a confirmed unresolved decision
AI business call briefs for software companies,https://www.7minutephonecallbook.com/workflows/ai-call-briefs/software-companies/,ai-call-briefs,software-companies,a one-page call brief with a clear objective,calls prepared around a confirmed unresolved decision
AI business call briefs for ecommerce brands,https://www.7minutephonecallbook.com/workflows/ai-call-briefs/ecommerce-brands/,ai-call-briefs,ecommerce-brands,a one-page call brief with a clear objective,calls prepared around a confirmed unresolved decision
AI business call briefs for manufacturers,https://www.7minutephonecallbook.com/workflows/ai-call-briefs/manufacturers/,ai-call-briefs,manufacturers,a one-page call brief with a clear objective,calls prepared around a confirmed unresolved decision
AI business call briefs for wholesale distributors,https://www.7minutephonecallbook.com/workflows/ai-call-briefs/wholesale-distributors/,ai-call-briefs,wholesale-distributors,a one-page call brief with a clear objective,calls prepared around a confirmed unresolved decision
AI business call briefs for construction companies,https://www.7minutephonecallbook.com/workflows/ai-call-briefs/construction-companies/,ai-call-briefs,construction-companies,a one-page call brief with a clear objective,calls prepared around a confirmed unresolved decision
AI business call briefs for trade contractors,https://www.7minutephonecallbook.com/workflows/ai-call-briefs/trade-contractors/,ai-call-briefs,trade-contractors,a one-page call brief with a clear objective,calls prepared around a confirmed unresolved decision
AI business call briefs for salons,https://www.7minutephonecallbook.com/workflows/ai-call-briefs/salons/,ai-call-briefs,salons,a one-page call brief with a clear objective,calls prepared around a confirmed unresolved decision
AI business call briefs for restaurants,https://www.7minutephonecallbook.com/workflows/ai-call-briefs/restaurants/,ai-call-briefs,restaurants,a one-page call brief with a clear objective,calls prepared around a confirmed unresolved decision
AI business call briefs for retail stores,https://www.7minutephonecallbook.com/workflows/ai-call-briefs/retail-stores/,ai-call-briefs,retail-stores,a one-page call brief with a clear objective,calls prepared around a confirmed unresolved decision
AI business call briefs for logistics companies,https://www.7minutephonecallbook.com/workflows/ai-call-briefs/logistics-companies/,ai-call-briefs,logistics-companies,a one-page call brief with a clear objective,calls prepared around a confirmed unresolved decision
AI business call briefs for cleaning companies,https://www.7minutephonecallbook.com/workflows/ai-call-briefs/cleaning-companies/,ai-call-briefs,cleaning-companies,a one-page call brief with a clear objective,calls prepared around a confirmed unresolved decision
AI business call briefs for landscaping companies,https://www.7minutephonecallbook.com/workflows/ai-call-briefs/landscaping-companies/,ai-call-briefs,landscaping-companies,a one-page call brief with a clear objective,calls prepared around a confirmed unresolved decision
AI business call briefs for automotive shops,https://www.7minutephonecallbook.com/workflows/ai-call-briefs/automotive-shops/,ai-call-briefs,automotive-shops,a one-page call brief with a clear objective,calls prepared around a confirmed unresolved decision
AI business call briefs for fitness studios,https://www.7minutephonecallbook.com/workflows/ai-call-briefs/fitness-studios/,ai-call-briefs,fitness-studios,a one-page call brief with a clear objective,calls prepared around a confirmed unresolved decision
AI business call briefs for training companies,https://www.7minutephonecallbook.com/workflows/ai-call-briefs/training-companies/,ai-call-briefs,training-companies,a one-page call brief with a clear objective,calls prepared around a confirmed unresolved decision
AI business call briefs for staffing agencies,https://www.7minutephonecallbook.com/workflows/ai-call-briefs/staffing-agencies/,ai-call-briefs,staffing-agencies,a one-page call brief with a clear objective,calls prepared around a confirmed unresolved decision
AI business call briefs for event companies,https://www.7minutephonecallbook.com/workflows/ai-call-briefs/event-companies/,ai-call-briefs,event-companies,a one-page call brief with a clear objective,calls prepared around a confirmed unresolved decision
AI business call briefs for architecture firms,https://www.7minutephonecallbook.com/workflows/ai-call-briefs/architecture-firms/,ai-call-briefs,architecture-firms,a one-page call brief with a clear objective,calls prepared around a confirmed unresolved decision
AI discovery call questions for marketing agencies,https://www.7minutephonecallbook.com/workflows/ai-discovery-questions/marketing-agencies/,ai-discovery-questions,marketing-agencies,a short question sequence and note fields,needed qualification facts captured without unsupported assumptions
AI discovery call questions for consulting firms,https://www.7minutephonecallbook.com/workflows/ai-discovery-questions/consulting-firms/,ai-discovery-questions,consulting-firms,a short question sequence and note fields,needed qualification facts captured without unsupported assumptions
AI discovery call questions for software companies,https://www.7minutephonecallbook.com/workflows/ai-discovery-questions/software-companies/,ai-discovery-questions,software-companies,a short question sequence and note fields,needed qualification facts captured without unsupported assumptions
AI discovery call questions for ecommerce brands,https://www.7minutephonecallbook.com/workflows/ai-discovery-questions/ecommerce-brands/,ai-discovery-questions,ecommerce-brands,a short question sequence and note fields,needed qualification facts captured without unsupported assumptions
AI discovery call questions for manufacturers,https://www.7minutephonecallbook.com/workflows/ai-discovery-questions/manufacturers/,ai-discovery-questions,manufacturers,a short question sequence and note fields,needed qualification facts captured without unsupported assumptions
AI discovery call questions for wholesale distributors,https://www.7minutephonecallbook.com/workflows/ai-discovery-questions/wholesale-distributors/,ai-discovery-questions,wholesale-distributors,a short question sequence and note fields,needed qualification facts captured without unsupported assumptions
AI discovery call questions for construction companies,https://www.7minutephonecallbook.com/workflows/ai-discovery-questions/construction-companies/,ai-discovery-questions,construction-companies,a short question sequence and note fields,needed qualification facts captured without unsupported assumptions
AI discovery call questions for trade contractors,https://www.7minutephonecallbook.com/workflows/ai-discovery-questions/trade-contractors/,ai-discovery-questions,trade-contractors,a short question sequence and note fields,needed qualification facts captured without unsupported assumptions
AI discovery call questions for salons,https://www.7minutephonecallbook.com/workflows/ai-discovery-questions/salons/,ai-discovery-questions,salons,a short question sequence and note fields,needed qualification facts captured without unsupported assumptions
AI discovery call questions for restaurants,https://www.7minutephonecallbook.com/workflows/ai-discovery-questions/restaurants/,ai-discovery-questions,restaurants,a short question sequence and note fields,needed qualification facts captured without unsupported assumptions
AI discovery call questions for retail stores,https://www.7minutephonecallbook.com/workflows/ai-discovery-questions/retail-stores/,ai-discovery-questions,retail-stores,a short question sequence and note fields,needed qualification facts captured without unsupported assumptions
AI discovery call questions for logistics companies,https://www.7minutephonecallbook.com/workflows/ai-discovery-questions/logistics-companies/,ai-discovery-questions,logistics-companies,a short question sequence and note fields,needed qualification facts captured without unsupported assumptions
AI discovery call questions for cleaning companies,https://www.7minutephonecallbook.com/workflows/ai-discovery-questions/cleaning-companies/,ai-discovery-questions,cleaning-companies,a short question sequence and note fields,needed qualification facts captured without unsupported assumptions
AI discovery call questions for landscaping companies,https://www.7minutephonecallbook.com/workflows/ai-discovery-questions/landscaping-companies/,ai-discovery-questions,landscaping-companies,a short question sequence and note fields,needed qualification facts captured without unsupported assumptions
AI discovery call questions for automotive shops,https://www.7minutephonecallbook.com/workflows/ai-discovery-questions/automotive-shops/,ai-discovery-questions,automotive-shops,a short question sequence and note fields,needed qualification facts captured without unsupported assumptions
AI discovery call questions for fitness studios,https://www.7minutephonecallbook.com/workflows/ai-discovery-questions/fitness-studios/,ai-discovery-questions,fitness-studios,a short question sequence and note fields,needed qualification facts captured without unsupported assumptions
AI discovery call questions for training companies,https://www.7minutephonecallbook.com/workflows/ai-discovery-questions/training-companies/,ai-discovery-questions,training-companies,a short question sequence and note fields,needed qualification facts captured without unsupported assumptions
AI discovery call questions for staffing agencies,https://www.7minutephonecallbook.com/workflows/ai-discovery-questions/staffing-agencies/,ai-discovery-questions,staffing-agencies,a short question sequence and note fields,needed qualification facts captured without unsupported assumptions
AI discovery call questions for event companies,https://www.7minutephonecallbook.com/workflows/ai-discovery-questions/event-companies/,ai-discovery-questions,event-companies,a short question sequence and note fields,needed qualification facts captured without unsupported assumptions
AI discovery call questions for architecture firms,https://www.7minutephonecallbook.com/workflows/ai-discovery-questions/architecture-firms/,ai-discovery-questions,architecture-firms,a short question sequence and note fields,needed qualification facts captured without unsupported assumptions
AI business call recaps for marketing agencies,https://www.7minutephonecallbook.com/workflows/ai-call-recaps/marketing-agencies/,ai-call-recaps,marketing-agencies,a reviewed recap with clear next actions,recap statements supported by the approved notes
AI business call recaps for consulting firms,https://www.7minutephonecallbook.com/workflows/ai-call-recaps/consulting-firms/,ai-call-recaps,consulting-firms,a reviewed recap with clear next actions,recap statements supported by the approved notes
AI business call recaps for software companies,https://www.7minutephonecallbook.com/workflows/ai-call-recaps/software-companies/,ai-call-recaps,software-companies,a reviewed recap with clear next actions,recap statements supported by the approved notes
AI business call recaps for ecommerce brands,https://www.7minutephonecallbook.com/workflows/ai-call-recaps/ecommerce-brands/,ai-call-recaps,ecommerce-brands,a reviewed recap with clear next actions,recap statements supported by the approved notes
AI business call recaps for manufacturers,https://www.7minutephonecallbook.com/workflows/ai-call-recaps/manufacturers/,ai-call-recaps,manufacturers,a reviewed recap with clear next actions,recap statements supported by the approved notes
AI business call recaps for wholesale distributors,https://www.7minutephonecallbook.com/workflows/ai-call-recaps/wholesale-distributors/,ai-call-recaps,wholesale-distributors,a reviewed recap with clear next actions,recap statements supported by the approved notes
AI business call recaps for construction companies,https://www.7minutephonecallbook.com/workflows/ai-call-recaps/construction-companies/,ai-call-recaps,construction-companies,a reviewed recap with clear next actions,recap statements supported by the approved notes
AI business call recaps for trade contractors,https://www.7minutephonecallbook.com/workflows/ai-call-recaps/trade-contractors/,ai-call-recaps,trade-contractors,a reviewed recap with clear next actions,recap statements supported by the approved notes
AI business call recaps for salons,https://www.7minutephonecallbook.com/workflows/ai-call-recaps/salons/,ai-call-recaps,salons,a reviewed recap with clear next actions,recap statements supported by the approved notes
AI business call recaps for restaurants,https://www.7minutephonecallbook.com/workflows/ai-call-recaps/restaurants/,ai-call-recaps,restaurants,a reviewed recap with clear next actions,recap statements supported by the approved notes
AI business call recaps for retail stores,https://www.7minutephonecallbook.com/workflows/ai-call-recaps/retail-stores/,ai-call-recaps,retail-stores,a reviewed recap with clear next actions,recap statements supported by the approved notes
AI business call recaps for logistics companies,https://www.7minutephonecallbook.com/workflows/ai-call-recaps/logistics-companies/,ai-call-recaps,logistics-companies,a reviewed recap with clear next actions,recap statements supported by the approved notes
AI business call recaps for cleaning companies,https://www.7minutephonecallbook.com/workflows/ai-call-recaps/cleaning-companies/,ai-call-recaps,cleaning-companies,a reviewed recap with clear next actions,recap statements supported by the approved notes
AI business call recaps for landscaping companies,https://www.7minutephonecallbook.com/workflows/ai-call-recaps/landscaping-companies/,ai-call-recaps,landscaping-companies,a reviewed recap with clear next actions,recap statements supported by the approved notes
AI business call recaps for automotive shops,https://www.7minutephonecallbook.com/workflows/ai-call-recaps/automotive-shops/,ai-call-recaps,automotive-shops,a reviewed recap with clear next actions,recap statements supported by the approved notes
AI business call recaps for fitness studios,https://www.7minutephonecallbook.com/workflows/ai-call-recaps/fitness-studios/,ai-call-recaps,fitness-studios,a reviewed recap with clear next actions,recap statements supported by the approved notes
AI business call recaps for training companies,https://www.7minutephonecallbook.com/workflows/ai-call-recaps/training-companies/,ai-call-recaps,training-companies,a reviewed recap with clear next actions,recap statements supported by the approved notes
AI business call recaps for staffing agencies,https://www.7minutephonecallbook.com/workflows/ai-call-recaps/staffing-agencies/,ai-call-recaps,staffing-agencies,a reviewed recap with clear next actions,recap statements supported by the approved notes
AI business call recaps for event companies,https://www.7minutephonecallbook.com/workflows/ai-call-recaps/event-companies/,ai-call-recaps,event-companies,a reviewed recap with clear next actions,recap statements supported by the approved notes
AI business call recaps for architecture firms,https://www.7minutephonecallbook.com/workflows/ai-call-recaps/architecture-firms/,ai-call-recaps,architecture-firms,a reviewed recap with clear next actions,recap statements supported by the approved notes
AI business follow-up messages for marketing agencies,https://www.7minutephonecallbook.com/workflows/ai-follow-up-messages/marketing-agencies/,ai-follow-up-messages,marketing-agencies,a source-grounded follow-up draft and next task,follow-ups tied to a genuine commitment or requested update
AI business follow-up messages for consulting firms,https://www.7minutephonecallbook.com/workflows/ai-follow-up-messages/consulting-firms/,ai-follow-up-messages,consulting-firms,a source-grounded follow-up draft and next task,follow-ups tied to a genuine commitment or requested update
AI business follow-up messages for software companies,https://www.7minutephonecallbook.com/workflows/ai-follow-up-messages/software-companies/,ai-follow-up-messages,software-companies,a source-grounded follow-up draft and next task,follow-ups tied to a genuine commitment or requested update
AI business follow-up messages for ecommerce brands,https://www.7minutephonecallbook.com/workflows/ai-follow-up-messages/ecommerce-brands/,ai-follow-up-messages,ecommerce-brands,a source-grounded follow-up draft and next task,follow-ups tied to a genuine commitment or requested update
AI business follow-up messages for manufacturers,https://www.7minutephonecallbook.com/workflows/ai-follow-up-messages/manufacturers/,ai-follow-up-messages,manufacturers,a source-grounded follow-up draft and next task,follow-ups tied to a genuine commitment or requested update
AI business follow-up messages for wholesale distributors,https://www.7minutephonecallbook.com/workflows/ai-follow-up-messages/wholesale-distributors/,ai-follow-up-messages,wholesale-distributors,a source-grounded follow-up draft and next task,follow-ups tied to a genuine commitment or requested update
AI business follow-up messages for construction companies,https://www.7minutephonecallbook.com/workflows/ai-follow-up-messages/construction-companies/,ai-follow-up-messages,construction-companies,a source-grounded follow-up draft and next task,follow-ups tied to a genuine commitment or requested update
AI business follow-up messages for trade contractors,https://www.7minutephonecallbook.com/workflows/ai-follow-up-messages/trade-contractors/,ai-follow-up-messages,trade-contractors,a source-grounded follow-up draft and next task,follow-ups tied to a genuine commitment or requested update
AI business follow-up messages for salons,https://www.7minutephonecallbook.com/workflows/ai-follow-up-messages/salons/,ai-follow-up-messages,salons,a source-grounded follow-up draft and next task,follow-ups tied to a genuine commitment or requested update
AI business follow-up messages for restaurants,https://www.7minutephonecallbook.com/workflows/ai-follow-up-messages/restaurants/,ai-follow-up-messages,restaurants,a source-grounded follow-up draft and next task,follow-ups tied to a genuine commitment or requested update
AI business follow-up messages for retail stores,https://www.7minutephonecallbook.com/workflows/ai-follow-up-messages/retail-stores/,ai-follow-up-messages,retail-stores,a source-grounded follow-up draft and next task,follow-ups tied to a genuine commitment or requested update
AI business follow-up messages for logistics companies,https://www.7minutephonecallbook.com/workflows/ai-follow-up-messages/logistics-companies/,ai-follow-up-messages,logistics-companies,a source-grounded follow-up draft and next task,follow-ups tied to a genuine commitment or requested update
AI business follow-up messages for cleaning companies,https://www.7minutephonecallbook.com/workflows/ai-follow-up-messages/cleaning-companies/,ai-follow-up-messages,cleaning-companies,a source-grounded follow-up draft and next task,follow-ups tied to a genuine commitment or requested update
AI business follow-up messages for landscaping companies,https://www.7minutephonecallbook.com/workflows/ai-follow-up-messages/landscaping-companies/,ai-follow-up-messages,landscaping-companies,a source-grounded follow-up draft and next task,follow-ups tied to a genuine commitment or requested update
AI business follow-up messages for automotive shops,https://www.7minutephonecallbook.com/workflows/ai-follow-up-messages/automotive-shops/,ai-follow-up-messages,automotive-shops,a source-grounded follow-up draft and next task,follow-ups tied to a genuine commitment or requested update
AI business follow-up messages for fitness studios,https://www.7minutephonecallbook.com/workflows/ai-follow-up-messages/fitness-studios/,ai-follow-up-messages,fitness-studios,a source-grounded follow-up draft and next task,follow-ups tied to a genuine commitment or requested update
AI business follow-up messages for training companies,https://www.7minutephonecallbook.com/workflows/ai-follow-up-messages/training-companies/,ai-follow-up-messages,training-companies,a source-grounded follow-up draft and next task,follow-ups tied to a genuine commitment or requested update
AI business follow-up messages for staffing agencies,https://www.7minutephonecallbook.com/workflows/ai-follow-up-messages/staffing-agencies/,ai-follow-up-messages,staffing-agencies,a source-grounded follow-up draft and next task,follow-ups tied to a genuine commitment or requested update
AI business follow-up messages for event companies,https://www.7minutephonecallbook.com/workflows/ai-follow-up-messages/event-companies/,ai-follow-up-messages,event-companies,a source-grounded follow-up draft and next task,follow-ups tied to a genuine commitment or requested update
AI business follow-up messages for architecture firms,https://www.7minutephonecallbook.com/workflows/ai-follow-up-messages/architecture-firms/,ai-follow-up-messages,architecture-firms,a source-grounded follow-up draft and next task,follow-ups tied to a genuine commitment or requested update
AI stakeholder call handoffs for marketing agencies,https://www.7minutephonecallbook.com/workflows/ai-stakeholder-call-handoffs/marketing-agencies/,ai-stakeholder-call-handoffs,marketing-agencies,a stakeholder brief and proposed agenda,next conversations including the owner of the unresolved decision
AI stakeholder call handoffs for consulting firms,https://www.7minutephonecallbook.com/workflows/ai-stakeholder-call-handoffs/consulting-firms/,ai-stakeholder-call-handoffs,consulting-firms,a stakeholder brief and proposed agenda,next conversations including the owner of the unresolved decision
AI stakeholder call handoffs for software companies,https://www.7minutephonecallbook.com/workflows/ai-stakeholder-call-handoffs/software-companies/,ai-stakeholder-call-handoffs,software-companies,a stakeholder brief and proposed agenda,next conversations including the owner of the unresolved decision
AI stakeholder call handoffs for ecommerce brands,https://www.7minutephonecallbook.com/workflows/ai-stakeholder-call-handoffs/ecommerce-brands/,ai-stakeholder-call-handoffs,ecommerce-brands,a stakeholder brief and proposed agenda,next conversations including the owner of the unresolved decision
AI stakeholder call handoffs for manufacturers,https://www.7minutephonecallbook.com/workflows/ai-stakeholder-call-handoffs/manufacturers/,ai-stakeholder-call-handoffs,manufacturers,a stakeholder brief and proposed agenda,next conversations including the owner of the unresolved decision
AI stakeholder call handoffs for wholesale distributors,https://www.7minutephonecallbook.com/workflows/ai-stakeholder-call-handoffs/wholesale-distributors/,ai-stakeholder-call-handoffs,wholesale-distributors,a stakeholder brief and proposed agenda,next conversations including the owner of the unresolved decision
AI stakeholder call handoffs for construction companies,https://www.7minutephonecallbook.com/workflows/ai-stakeholder-call-handoffs/construction-companies/,ai-stakeholder-call-handoffs,construction-companies,a stakeholder brief and proposed agenda,next conversations including the owner of the unresolved decision
AI stakeholder call handoffs for trade contractors,https://www.7minutephonecallbook.com/workflows/ai-stakeholder-call-handoffs/trade-contractors/,ai-stakeholder-call-handoffs,trade-contractors,a stakeholder brief and proposed agenda,next conversations including the owner of the unresolved decision
AI stakeholder call handoffs for salons,https://www.7minutephonecallbook.com/workflows/ai-stakeholder-call-handoffs/salons/,ai-stakeholder-call-handoffs,salons,a stakeholder brief and proposed agenda,next conversations including the owner of the unresolved decision
AI stakeholder call handoffs for restaurants,https://www.7minutephonecallbook.com/workflows/ai-stakeholder-call-handoffs/restaurants/,ai-stakeholder-call-handoffs,restaurants,a stakeholder brief and proposed agenda,next conversations including the owner of the unresolved decision
AI stakeholder call handoffs for retail stores,https://www.7minutephonecallbook.com/workflows/ai-stakeholder-call-handoffs/retail-stores/,ai-stakeholder-call-handoffs,retail-stores,a stakeholder brief and proposed agenda,next conversations including the owner of the unresolved decision
AI stakeholder call handoffs for logistics companies,https://www.7minutephonecallbook.com/workflows/ai-stakeholder-call-handoffs/logistics-companies/,ai-stakeholder-call-handoffs,logistics-companies,a stakeholder brief and proposed agenda,next conversations including the owner of the unresolved decision
AI stakeholder call handoffs for cleaning companies,https://www.7minutephonecallbook.com/workflows/ai-stakeholder-call-handoffs/cleaning-companies/,ai-stakeholder-call-handoffs,cleaning-companies,a stakeholder brief and proposed agenda,next conversations including the owner of the unresolved decision
AI stakeholder call handoffs for landscaping companies,https://www.7minutephonecallbook.com/workflows/ai-stakeholder-call-handoffs/landscaping-companies/,ai-stakeholder-call-handoffs,landscaping-companies,a stakeholder brief and proposed agenda,next conversations including the owner of the unresolved decision
AI stakeholder call handoffs for automotive shops,https://www.7minutephonecallbook.com/workflows/ai-stakeholder-call-handoffs/automotive-shops/,ai-stakeholder-call-handoffs,automotive-shops,a stakeholder brief and proposed agenda,next conversations including the owner of the unresolved decision
AI stakeholder call handoffs for fitness studios,https://www.7minutephonecallbook.com/workflows/ai-stakeholder-call-handoffs/fitness-studios/,ai-stakeholder-call-handoffs,fitness-studios,a stakeholder brief and proposed agenda,next conversations including the owner of the unresolved decision
AI stakeholder call handoffs for training companies,https://www.7minutephonecallbook.com/workflows/ai-stakeholder-call-handoffs/training-companies/,ai-stakeholder-call-handoffs,training-companies,a stakeholder brief and proposed agenda,next conversations including the owner of the unresolved decision
AI stakeholder call handoffs for staffing agencies,https://www.7minutephonecallbook.com/workflows/ai-stakeholder-call-handoffs/staffing-agencies/,ai-stakeholder-call-handoffs,staffing-agencies,a stakeholder brief and proposed agenda,next conversations including the owner of the unresolved decision
AI stakeholder call handoffs for event companies,https://www.7minutephonecallbook.com/workflows/ai-stakeholder-call-handoffs/event-companies/,ai-stakeholder-call-handoffs,event-companies,a stakeholder brief and proposed agenda,next conversations including the owner of the unresolved decision
AI stakeholder call handoffs for architecture firms,https://www.7minutephonecallbook.com/workflows/ai-stakeholder-call-handoffs/architecture-firms/,ai-stakeholder-call-handoffs,architecture-firms,a stakeholder brief and proposed agenda,next conversations including the owner of the unresolved decision
AI CRM next-action notes for marketing agencies,https://www.7minutephonecallbook.com/workflows/ai-crm-next-actions/marketing-agencies/,ai-crm-next-actions,marketing-agencies,a reviewed CRM note and a single clear next task,active tasks matching the latest confirmed commitment
AI CRM next-action notes for consulting firms,https://www.7minutephonecallbook.com/workflows/ai-crm-next-actions/consulting-firms/,ai-crm-next-actions,consulting-firms,a reviewed CRM note and a single clear next task,active tasks matching the latest confirmed commitment
AI CRM next-action notes for software companies,https://www.7minutephonecallbook.com/workflows/ai-crm-next-actions/software-companies/,ai-crm-next-actions,software-companies,a reviewed CRM note and a single clear next task,active tasks matching the latest confirmed commitment
AI CRM next-action notes for ecommerce brands,https://www.7minutephonecallbook.com/workflows/ai-crm-next-actions/ecommerce-brands/,ai-crm-next-actions,ecommerce-brands,a reviewed CRM note and a single clear next task,active tasks matching the latest confirmed commitment
AI CRM next-action notes for manufacturers,https://www.7minutephonecallbook.com/workflows/ai-crm-next-actions/manufacturers/,ai-crm-next-actions,manufacturers,a reviewed CRM note and a single clear next task,active tasks matching the latest confirmed commitment
AI CRM next-action notes for wholesale distributors,https://www.7minutephonecallbook.com/workflows/ai-crm-next-actions/wholesale-distributors/,ai-crm-next-actions,wholesale-distributors,a reviewed CRM note and a single clear next task,active tasks matching the latest confirmed commitment
AI CRM next-action notes for construction companies,https://www.7minutephonecallbook.com/workflows/ai-crm-next-actions/construction-companies/,ai-crm-next-actions,construction-companies,a reviewed CRM note and a single clear next task,active tasks matching the latest confirmed commitment
AI CRM next-action notes for trade contractors,https://www.7minutephonecallbook.com/workflows/ai-crm-next-actions/trade-contractors/,ai-crm-next-actions,trade-contractors,a reviewed CRM note and a single clear next task,active tasks matching the latest confirmed commitment
AI CRM next-action notes for salons,https://www.7minutephonecallbook.com/workflows/ai-crm-next-actions/salons/,ai-crm-next-actions,salons,a reviewed CRM note and a single clear next task,active tasks matching the latest confirmed commitment
AI CRM next-action notes for restaurants,https://www.7minutephonecallbook.com/workflows/ai-crm-next-actions/restaurants/,ai-crm-next-actions,restaurants,a reviewed CRM note and a single clear next task,active tasks matching the latest confirmed commitment
AI CRM next-action notes for retail stores,https://www.7minutephonecallbook.com/workflows/ai-crm-next-actions/retail-stores/,ai-crm-next-actions,retail-stores,a reviewed CRM note and a single clear next task,active tasks matching the latest confirmed commitment
AI CRM next-action notes for logistics companies,https://www.7minutephonecallbook.com/workflows/ai-crm-next-actions/logistics-companies/,ai-crm-next-actions,logistics-companies,a reviewed CRM note and a single clear next task,active tasks matching the latest confirmed commitment
AI CRM next-action notes for cleaning companies,https://www.7minutephonecallbook.com/workflows/ai-crm-next-actions/cleaning-companies/,ai-crm-next-actions,cleaning-companies,a reviewed CRM note and a single clear next task,active tasks matching the latest confirmed commitment
AI CRM next-action notes for landscaping companies,https://www.7minutephonecallbook.com/workflows/ai-crm-next-actions/landscaping-companies/,ai-crm-next-actions,landscaping-companies,a reviewed CRM note and a single clear next task,active tasks matching the latest confirmed commitment
AI CRM next-action notes for automotive shops,https://www.7minutephonecallbook.com/workflows/ai-crm-next-actions/automotive-shops/,ai-crm-next-actions,automotive-shops,a reviewed CRM note and a single clear next task,active tasks matching the latest confirmed commitment
AI CRM next-action notes for fitness studios,https://www.7minutephonecallbook.com/workflows/ai-crm-next-actions/fitness-studios/,ai-crm-next-actions,fitness-studios,a reviewed CRM note and a single clear next task,active tasks matching the latest confirmed commitment
AI CRM next-action notes for training companies,https://www.7minutephonecallbook.com/workflows/ai-crm-next-actions/training-companies/,ai-crm-next-actions,training-companies,a reviewed CRM note and a single clear next task,active tasks matching the latest confirmed commitment
AI CRM next-action notes for staffing agencies,https://www.7minutephonecallbook.com/workflows/ai-crm-next-actions/staffing-agencies/,ai-crm-next-actions,staffing-agencies,a reviewed CRM note and a single clear next task,active tasks matching the latest confirmed commitment
AI CRM next-action notes for event companies,https://www.7minutephonecallbook.com/workflows/ai-crm-next-actions/event-companies/,ai-crm-next-actions,event-companies,a reviewed CRM note and a single clear next task,active tasks matching the latest confirmed commitment
AI CRM next-action notes for architecture firms,https://www.7minutephonecallbook.com/workflows/ai-crm-next-actions/architecture-firms/,ai-crm-next-actions,architecture-firms,a reviewed CRM note and a single clear next task,active tasks matching the latest confirmed commitment
